sample,SNP.count,sim
NC_021508_1_1_mutated_1,39,0.1
NC_021508_1_1_mutated_2,33,0.1
NC_021508_1_1_mutated_3,28,0.1
NC_021508_1_1_mutated_4,37,0.1
NC_021508_1_1_mutated_5,38,0.1
NC_021508_1_1_mutated_6,35,0.1
NC_021508_1_1_mutated_7,45,0.1
NC_021508_1_1_mutated_8,38,0.1
NC_021508_1_1_mutated_9,39,0.1
NC_021508_1_1_mutated_10,35,0.1
NC_021508_1_1_mutated_11,30,0.1
NC_021508_1_1_mutated_12,38,0.1
NC_021508_1_1_mutated_13,35,0.1
NC_021508_1_1_mutated_14,27,0.1
NC_021508_1_1_mutated_15,41,0.1
NC_021508_1_1_mutated_16,36,0.1
NC_021508_1_1_mutated_17,37,0.1
NC_021508_1_1_mutated_18,49,0.1
NC_021508_1_1_mutated_19,46,0.1
NC_021508_1_1_mutated_20,28,0.1
NC_021508_1_1_mutated_21,31,0.1
NC_021508_1_1_mutated_22,41,0.1
NC_021508_1_1_mutated_23,29,0.1
NC_021508_1_1_mutated_24,29,0.1
NC_021508_1_1_mutated_25,37,0.1
NC_021508_1_1_mutated_26,41,0.1
NC_021508_1_1_mutated_27,39,0.1
NC_021508_1_1_mutated_28,27,0.1
NC_021508_1_1_mutated_29,32,0.1
NC_021508_1_1_mutated_30,51,0.1
NC_021508_1_1_mutated_31,25,0.1
NC_021508_1_1_mutated_32,33,0.1
NC_021508_1_1_mutated_33,20,0.1
NC_021508_1_1_mutated_34,33,0.1
NC_021508_1_1_mutated_35,28,0.1
NC_021508_1_1_mutated_36,29,0.1
NC_021508_1_1_mutated_37,34,0.1
NC_021508_1_1_mutated_38,41,0.1
NC_021508_1_1_mutated_39,31,0.1
NC_021508_1_1_mutated_40,33,0.1
NC_021508_1_1_mutated_41,43,0.1
NC_021508_1_1_mutated_42,21,0.1
NC_021508_1_1_mutated_43,39,0.1
NC_021508_1_1_mutated_44,30,0.1
NC_021508_1_1_mutated_45,35,0.1
NC_021508_1_1_mutated_46,27,0.1
NC_021508_1_1_mutated_47,36,0.1
NC_021508_1_1_mutated_48,24,0.1
NC_021508_1_1_mutated_49,47,0.1
NC_021508_1_1_mutated_50,27,0.1
NC_021508_1_1_mutated_51,31,0.1
NC_021508_1_1_mutated_52,36,0.1
NC_021508_1_1_mutated_53,34,0.1
NC_021508_1_1_mutated_54,41,0.1
NC_021508_1_1_mutated_55,26,0.1
NC_021508_1_1_mutated_56,38,0.1
NC_021508_1_1_mutated_57,29,0.1
NC_021508_1_1_mutated_58,32,0.1
NC_021508_1_1_mutated_59,36,0.1
NC_021508_1_1_mutated_60,34,0.1
NC_021508_1_1_mutated_61,30,0.1
NC_021508_1_1_mutated_62,34,0.1
NC_021508_1_1_mutated_63,32,0.1
NC_021508_1_1_mutated_64,34,0.1
NC_021508_1_1_mutated_65,37,0.1
NC_021508_1_1_mutated_66,39,0.1
NC_021508_1_1_mutated_67,31,0.1
NC_021508_1_1_mutated_68,28,0.1
NC_021508_1_1_mutated_69,27,0.1
NC_021508_1_1_mutated_70,31,0.1
NC_021508_1_1_mutated_71,26,0.1
NC_021508_1_1_mutated_72,27,0.1
NC_021508_1_1_mutated_73,34,0.1
NC_021508_1_1_mutated_74,31,0.1
NC_021508_1_1_mutated_75,31,0.1
NC_021508_1_1_mutated_76,26,0.1
NC_021508_1_1_mutated_77,27,0.1
NC_021508_1_1_mutated_78,33,0.1
NC_021508_1_1_mutated_79,22,0.1
NC_021508_1_1_mutated_80,30,0.1
NC_021508_1_1_mutated_81,42,0.1
NC_021508_1_1_mutated_82,38,0.1
NC_021508_1_1_mutated_83,27,0.1
NC_021508_1_1_mutated_84,29,0.1
NC_021508_1_1_mutated_85,34,0.1
NC_021508_1_1_mutated_86,32,0.1
NC_021508_1_1_mutated_87,34,0.1
NC_021508_1_1_mutated_88,33,0.1
NC_021508_1_1_mutated_89,36,0.1
NC_021508_1_1_mutated_90,31,0.1
NC_021508_1_1_mutated_91,30,0.1
NC_021508_1_1_mutated_92,34,0.1
NC_021508_1_1_mutated_93,37,0.1
NC_021508_1_1_mutated_94,28,0.1
NC_021508_1_1_mutated_95,34,0.1
NC_021508_1_1_mutated_96,28,0.1
NC_021508_1_1_mutated_97,30,0.1
NC_021508_1_1_mutated_98,34,0.1
NC_021508_1_1_mutated_99,37,0.1
NC_021508_1_1_mutated_100,36,0.1
NC_021508_1_1_mutated_101,38,0.1
NC_021508_1_1_mutated_102,31,0.1
NC_021508_1_1_mutated_103,32,0.1
NC_021508_1_1_mutated_104,32,0.1
NC_021508_1_1_mutated_105,24,0.1
NC_021508_1_1_mutated_106,30,0.1
NC_021508_1_1_mutated_107,30,0.1
NC_021508_1_1_mutated_108,36,0.1
NC_021508_1_1_mutated_109,33,0.1
NC_021508_1_1_mutated_110,31,0.1
NC_021508_1_1_mutated_111,31,0.1
NC_021508_1_1_mutated_112,28,0.1
NC_021508_1_1_mutated_113,40,0.1
NC_021508_1_1_mutated_114,30,0.1
NC_021508_1_1_mutated_115,38,0.1
NC_021508_1_1_mutated_116,28,0.1
NC_021508_1_1_mutated_117,31,0.1
NC_021508_1_1_mutated_118,43,0.1
NC_021508_1_1_mutated_119,42,0.1
NC_021508_1_1_mutated_120,33,0.1
NC_021508_1_1_mutated_121,41,0.1
NC_021508_1_1_mutated_122,37,0.1
NC_021508_1_1_mutated_123,28,0.1
NC_021508_1_1_mutated_124,31,0.1
NC_021508_1_1_mutated_125,31,0.1
NC_021508_1_1_mutated_126,30,0.1
NC_021508_1_1_mutated_127,33,0.1
NC_021508_1_1_mutated_128,36,0.1
NC_021508_1_1_mutated_129,30,0.1
NC_021508_1_1_mutated_130,30,0.1
NC_021508_1_1_mutated_131,41,0.1
NC_021508_1_1_mutated_132,32,0.1
NC_021508_1_1_mutated_133,29,0.1
NC_021508_1_1_mutated_134,38,0.1
NC_021508_1_1_mutated_135,27,0.1
NC_021508_1_1_mutated_136,37,0.1
NC_021508_1_1_mutated_137,33,0.1
NC_021508_1_1_mutated_138,30,0.1
NC_021508_1_1_mutated_139,32,0.1
NC_021508_1_1_mutated_140,43,0.1
NC_021508_1_1_mutated_141,32,0.1
NC_021508_1_1_mutated_142,35,0.1
NC_021508_1_1_mutated_143,21,0.1
NC_021508_1_1_mutated_144,28,0.1
NC_021508_1_1_mutated_145,47,0.1
NC_021508_1_1_mutated_146,27,0.1
NC_021508_1_1_mutated_147,22,0.1
NC_021508_1_1_mutated_148,31,0.1
NC_021508_1_1_mutated_149,35,0.1
NC_021508_1_1_mutated_150,38,0.1
NC_021508_1_1_mutated_151,29,0.1
NC_021508_1_1_mutated_152,35,0.1
NC_021508_1_1_mutated_153,33,0.1
NC_021508_1_1_mutated_154,43,0.1
NC_021508_1_1_mutated_155,43,0.1
NC_021508_1_1_mutated_156,30,0.1
NC_021508_1_1_mutated_157,36,0.1
NC_021508_1_1_mutated_158,28,0.1
NC_021508_1_1_mutated_159,39,0.1
NC_021508_1_1_mutated_160,36,0.1
NC_021508_1_1_mutated_161,28,0.1
NC_021508_1_1_mutated_162,28,0.1
NC_021508_1_1_mutated_163,32,0.1
NC_021508_1_1_mutated_164,30,0.1
NC_021508_1_1_mutated_165,29,0.1
NC_021508_1_1_mutated_166,29,0.1
NC_021508_1_1_mutated_167,31,0.1
NC_021508_1_1_mutated_168,41,0.1
NC_021508_1_1_mutated_169,21,0.1
NC_021508_1_1_mutated_170,35,0.1
NC_021508_1_1_mutated_171,34,0.1
NC_021508_1_1_mutated_172,34,0.1
NC_021508_1_1_mutated_173,35,0.1
NC_021508_1_1_mutated_174,31,0.1
NC_021508_1_1_mutated_175,27,0.1
NC_021508_1_1_mutated_176,27,0.1
NC_021508_1_1_mutated_177,31,0.1
NC_021508_1_1_mutated_178,30,0.1
NC_021508_1_1_mutated_179,29,0.1
NC_021508_1_1_mutated_180,25,0.1
NC_021508_1_1_mutated_181,30,0.1
NC_021508_1_1_mutated_182,49,0.1
NC_021508_1_1_mutated_183,32,0.1
NC_021508_1_1_mutated_184,36,0.1
NC_021508_1_1_mutated_185,33,0.1
NC_021508_1_1_mutated_186,30,0.1
NC_021508_1_1_mutated_187,38,0.1
NC_021508_1_1_mutated_188,22,0.1
NC_021508_1_1_mutated_189,40,0.1
NC_021508_1_1_mutated_190,32,0.1
NC_021508_1_1_mutated_191,30,0.1
NC_021508_1_1_mutated_192,29,0.1
NC_021508_1_1_mutated_193,33,0.1
NC_021508_1_1_mutated_194,43,0.1
NC_021508_1_1_mutated_195,40,0.1
NC_021508_1_1_mutated_196,24,0.1
NC_021508_1_1_mutated_197,25,0.1
NC_021508_1_1_mutated_198,26,0.1
NC_021508_1_1_mutated_199,33,0.1
NC_021508_1_1_mutated_200,37,0.1
NC_021508_1_1_mutated_201,33,0.1
NC_021508_1_1_mutated_202,30,0.1
NC_021508_1_1_mutated_203,33,0.1
NC_021508_1_1_mutated_204,40,0.1
NC_021508_1_1_mutated_205,35,0.1
NC_021508_1_1_mutated_206,32,0.1
NC_021508_1_1_mutated_207,29,0.1
NC_021508_1_1_mutated_208,41,0.1
NC_021508_1_1_mutated_209,37,0.1
NC_021508_1_1_mutated_210,33,0.1
NC_021508_1_1_mutated_211,27,0.1
NC_021508_1_1_mutated_212,40,0.1
NC_021508_1_1_mutated_213,34,0.1
NC_021508_1_1_mutated_214,33,0.1
NC_021508_1_1_mutated_215,35,0.1
NC_021508_1_1_mutated_216,34,0.1
NC_021508_1_1_mutated_217,32,0.1
NC_021508_1_1_mutated_218,32,0.1
NC_021508_1_1_mutated_219,37,0.1
NC_021508_1_1_mutated_220,33,0.1
NC_021508_1_1_mutated_221,25,0.1
NC_021508_1_1_mutated_222,22,0.1
NC_021508_1_1_mutated_223,38,0.1
NC_021508_1_1_mutated_224,32,0.1
NC_021508_1_1_mutated_225,39,0.1
NC_021508_1_1_mutated_226,36,0.1
NC_021508_1_1_mutated_227,42,0.1
NC_021508_1_1_mutated_228,28,0.1
NC_021508_1_1_mutated_229,35,0.1
NC_021508_1_1_mutated_230,32,0.1
NC_021508_1_1_mutated_231,22,0.1
NC_021508_1_1_mutated_232,31,0.1
NC_021508_1_1_mutated_233,40,0.1
NC_021508_1_1_mutated_234,33,0.1
NC_021508_1_1_mutated_235,33,0.1
NC_021508_1_1_mutated_236,28,0.1
NC_021508_1_1_mutated_237,42,0.1
NC_021508_1_1_mutated_238,32,0.1
NC_021508_1_1_mutated_239,28,0.1
NC_021508_1_1_mutated_240,37,0.1
NC_021508_1_1_mutated_241,35,0.1
NC_021508_1_1_mutated_242,26,0.1
NC_021508_1_1_mutated_243,31,0.1
NC_021508_1_1_mutated_244,23,0.1
NC_021508_1_1_mutated_245,29,0.1
NC_021508_1_1_mutated_246,34,0.1
NC_021508_1_1_mutated_247,28,0.1
NC_021508_1_1_mutated_248,36,0.1
NC_021508_1_1_mutated_249,35,0.1
NC_021508_1_1_mutated_250,52,0.1
NC_021508_1_1_mutated_1,16,0.05
NC_021508_1_1_mutated_2,14,0.05
NC_021508_1_1_mutated_3,17,0.05
NC_021508_1_1_mutated_4,20,0.05
NC_021508_1_1_mutated_5,12,0.05
NC_021508_1_1_mutated_6,14,0.05
NC_021508_1_1_mutated_7,18,0.05
NC_021508_1_1_mutated_8,14,0.05
NC_021508_1_1_mutated_9,13,0.05
NC_021508_1_1_mutated_10,22,0.05
NC_021508_1_1_mutated_11,16,0.05
NC_021508_1_1_mutated_12,14,0.05
NC_021508_1_1_mutated_13,13,0.05
NC_021508_1_1_mutated_14,14,0.05
NC_021508_1_1_mutated_15,20,0.05
NC_021508_1_1_mutated_16,18,0.05
NC_021508_1_1_mutated_17,18,0.05
NC_021508_1_1_mutated_18,17,0.05
NC_021508_1_1_mutated_19,23,0.05
NC_021508_1_1_mutated_20,21,0.05
NC_021508_1_1_mutated_21,9,0.05
NC_021508_1_1_mutated_22,14,0.05
NC_021508_1_1_mutated_23,19,0.05
NC_021508_1_1_mutated_24,28,0.05
NC_021508_1_1_mutated_25,24,0.05
NC_021508_1_1_mutated_26,18,0.05
NC_021508_1_1_mutated_27,20,0.05
NC_021508_1_1_mutated_28,17,0.05
NC_021508_1_1_mutated_29,19,0.05
NC_021508_1_1_mutated_30,17,0.05
NC_021508_1_1_mutated_31,17,0.05
NC_021508_1_1_mutated_32,18,0.05
NC_021508_1_1_mutated_33,10,0.05
NC_021508_1_1_mutated_34,16,0.05
NC_021508_1_1_mutated_35,16,0.05
NC_021508_1_1_mutated_36,10,0.05
NC_021508_1_1_mutated_37,18,0.05
NC_021508_1_1_mutated_38,14,0.05
NC_021508_1_1_mutated_39,13,0.05
NC_021508_1_1_mutated_40,16,0.05
NC_021508_1_1_mutated_41,13,0.05
NC_021508_1_1_mutated_42,14,0.05
NC_021508_1_1_mutated_43,10,0.05
NC_021508_1_1_mutated_44,21,0.05
NC_021508_1_1_mutated_45,13,0.05
NC_021508_1_1_mutated_46,19,0.05
NC_021508_1_1_mutated_47,16,0.05
NC_021508_1_1_mutated_48,10,0.05
NC_021508_1_1_mutated_49,11,0.05
NC_021508_1_1_mutated_50,16,0.05
NC_021508_1_1_mutated_51,16,0.05
NC_021508_1_1_mutated_52,13,0.05
NC_021508_1_1_mutated_53,15,0.05
NC_021508_1_1_mutated_54,23,0.05
NC_021508_1_1_mutated_55,12,0.05
NC_021508_1_1_mutated_56,19,0.05
NC_021508_1_1_mutated_57,19,0.05
NC_021508_1_1_mutated_58,14,0.05
NC_021508_1_1_mutated_59,19,0.05
NC_021508_1_1_mutated_60,13,0.05
NC_021508_1_1_mutated_61,16,0.05
NC_021508_1_1_mutated_62,16,0.05
NC_021508_1_1_mutated_63,19,0.05
NC_021508_1_1_mutated_64,16,0.05
NC_021508_1_1_mutated_65,11,0.05
NC_021508_1_1_mutated_66,20,0.05
NC_021508_1_1_mutated_67,18,0.05
NC_021508_1_1_mutated_68,13,0.05
NC_021508_1_1_mutated_69,17,0.05
NC_021508_1_1_mutated_70,12,0.05
NC_021508_1_1_mutated_71,16,0.05
NC_021508_1_1_mutated_72,12,0.05
NC_021508_1_1_mutated_73,21,0.05
NC_021508_1_1_mutated_74,11,0.05
NC_021508_1_1_mutated_75,24,0.05
NC_021508_1_1_mutated_76,8,0.05
NC_021508_1_1_mutated_77,20,0.05
NC_021508_1_1_mutated_78,17,0.05
NC_021508_1_1_mutated_79,19,0.05
NC_021508_1_1_mutated_80,14,0.05
NC_021508_1_1_mutated_81,12,0.05
NC_021508_1_1_mutated_82,19,0.05
NC_021508_1_1_mutated_83,18,0.05
NC_021508_1_1_mutated_84,22,0.05
NC_021508_1_1_mutated_85,10,0.05
NC_021508_1_1_mutated_86,12,0.05
NC_021508_1_1_mutated_87,21,0.05
NC_021508_1_1_mutated_88,19,0.05
NC_021508_1_1_mutated_89,24,0.05
NC_021508_1_1_mutated_90,15,0.05
NC_021508_1_1_mutated_91,15,0.05
NC_021508_1_1_mutated_92,20,0.05
NC_021508_1_1_mutated_93,14,0.05
NC_021508_1_1_mutated_94,16,0.05
NC_021508_1_1_mutated_95,14,0.05
NC_021508_1_1_mutated_96,10,0.05
NC_021508_1_1_mutated_97,15,0.05
NC_021508_1_1_mutated_98,12,0.05
NC_021508_1_1_mutated_99,17,0.05
NC_021508_1_1_mutated_100,10,0.05
NC_021508_1_1_mutated_101,21,0.05
NC_021508_1_1_mutated_102,20,0.05
NC_021508_1_1_mutated_103,17,0.05
NC_021508_1_1_mutated_104,16,0.05
NC_021508_1_1_mutated_105,18,0.05
NC_021508_1_1_mutated_106,13,0.05
NC_021508_1_1_mutated_107,13,0.05
NC_021508_1_1_mutated_108,19,0.05
NC_021508_1_1_mutated_109,19,0.05
NC_021508_1_1_mutated_110,23,0.05
NC_021508_1_1_mutated_111,24,0.05
NC_021508_1_1_mutated_112,22,0.05
NC_021508_1_1_mutated_113,13,0.05
NC_021508_1_1_mutated_114,22,0.05
NC_021508_1_1_mutated_115,22,0.05
NC_021508_1_1_mutated_116,15,0.05
NC_021508_1_1_mutated_117,16,0.05
NC_021508_1_1_mutated_118,21,0.05
NC_021508_1_1_mutated_119,11,0.05
NC_021508_1_1_mutated_120,17,0.05
NC_021508_1_1_mutated_121,22,0.05
NC_021508_1_1_mutated_122,12,0.05
NC_021508_1_1_mutated_123,17,0.05
NC_021508_1_1_mutated_124,21,0.05
NC_021508_1_1_mutated_125,13,0.05
NC_021508_1_1_mutated_126,17,0.05
NC_021508_1_1_mutated_127,15,0.05
NC_021508_1_1_mutated_128,17,0.05
NC_021508_1_1_mutated_129,16,0.05
NC_021508_1_1_mutated_130,13,0.05
NC_021508_1_1_mutated_131,15,0.05
NC_021508_1_1_mutated_132,16,0.05
NC_021508_1_1_mutated_133,21,0.05
NC_021508_1_1_mutated_134,27,0.05
NC_021508_1_1_mutated_135,18,0.05
NC_021508_1_1_mutated_136,14,0.05
NC_021508_1_1_mutated_137,17,0.05
NC_021508_1_1_mutated_138,13,0.05
NC_021508_1_1_mutated_139,22,0.05
NC_021508_1_1_mutated_140,15,0.05
NC_021508_1_1_mutated_141,11,0.05
NC_021508_1_1_mutated_142,27,0.05
NC_021508_1_1_mutated_143,19,0.05
NC_021508_1_1_mutated_144,12,0.05
NC_021508_1_1_mutated_145,23,0.05
NC_021508_1_1_mutated_146,20,0.05
NC_021508_1_1_mutated_147,17,0.05
NC_021508_1_1_mutated_148,22,0.05
NC_021508_1_1_mutated_149,23,0.05
NC_021508_1_1_mutated_150,18,0.05
NC_021508_1_1_mutated_151,20,0.05
NC_021508_1_1_mutated_152,17,0.05
NC_021508_1_1_mutated_153,17,0.05
NC_021508_1_1_mutated_154,15,0.05
NC_021508_1_1_mutated_155,13,0.05
NC_021508_1_1_mutated_156,18,0.05
NC_021508_1_1_mutated_157,20,0.05
NC_021508_1_1_mutated_158,20,0.05
NC_021508_1_1_mutated_159,23,0.05
NC_021508_1_1_mutated_160,14,0.05
NC_021508_1_1_mutated_161,12,0.05
NC_021508_1_1_mutated_162,19,0.05
NC_021508_1_1_mutated_163,12,0.05
NC_021508_1_1_mutated_164,23,0.05
NC_021508_1_1_mutated_165,19,0.05
NC_021508_1_1_mutated_166,17,0.05
NC_021508_1_1_mutated_167,16,0.05
NC_021508_1_1_mutated_168,13,0.05
NC_021508_1_1_mutated_169,19,0.05
NC_021508_1_1_mutated_170,16,0.05
NC_021508_1_1_mutated_171,13,0.05
NC_021508_1_1_mutated_172,16,0.05
NC_021508_1_1_mutated_173,15,0.05
NC_021508_1_1_mutated_174,12,0.05
NC_021508_1_1_mutated_175,15,0.05
NC_021508_1_1_mutated_176,21,0.05
NC_021508_1_1_mutated_177,12,0.05
NC_021508_1_1_mutated_178,18,0.05
NC_021508_1_1_mutated_179,16,0.05
NC_021508_1_1_mutated_180,13,0.05
NC_021508_1_1_mutated_181,18,0.05
NC_021508_1_1_mutated_182,21,0.05
NC_021508_1_1_mutated_183,16,0.05
NC_021508_1_1_mutated_184,12,0.05
NC_021508_1_1_mutated_185,18,0.05
NC_021508_1_1_mutated_186,17,0.05
NC_021508_1_1_mutated_187,17,0.05
NC_021508_1_1_mutated_188,22,0.05
NC_021508_1_1_mutated_189,18,0.05
NC_021508_1_1_mutated_190,21,0.05
NC_021508_1_1_mutated_191,15,0.05
NC_021508_1_1_mutated_192,19,0.05
NC_021508_1_1_mutated_193,15,0.05
NC_021508_1_1_mutated_194,20,0.05
NC_021508_1_1_mutated_195,17,0.05
NC_021508_1_1_mutated_196,15,0.05
NC_021508_1_1_mutated_197,13,0.05
NC_021508_1_1_mutated_198,4,0.05
NC_021508_1_1_mutated_199,16,0.05
NC_021508_1_1_mutated_200,16,0.05
NC_021508_1_1_mutated_201,21,0.05
NC_021508_1_1_mutated_202,17,0.05
NC_021508_1_1_mutated_203,16,0.05
NC_021508_1_1_mutated_204,15,0.05
NC_021508_1_1_mutated_205,12,0.05
NC_021508_1_1_mutated_206,29,0.05
NC_021508_1_1_mutated_207,21,0.05
NC_021508_1_1_mutated_208,13,0.05
NC_021508_1_1_mutated_209,18,0.05
NC_021508_1_1_mutated_210,19,0.05
NC_021508_1_1_mutated_211,16,0.05
NC_021508_1_1_mutated_212,15,0.05
NC_021508_1_1_mutated_213,19,0.05
NC_021508_1_1_mutated_214,14,0.05
NC_021508_1_1_mutated_215,11,0.05
NC_021508_1_1_mutated_216,13,0.05
NC_021508_1_1_mutated_217,11,0.05
NC_021508_1_1_mutated_218,20,0.05
NC_021508_1_1_mutated_219,14,0.05
NC_021508_1_1_mutated_220,17,0.05
NC_021508_1_1_mutated_221,21,0.05
NC_021508_1_1_mutated_222,21,0.05
NC_021508_1_1_mutated_223,19,0.05
NC_021508_1_1_mutated_224,16,0.05
NC_021508_1_1_mutated_225,17,0.05
NC_021508_1_1_mutated_226,11,0.05
NC_021508_1_1_mutated_227,13,0.05
NC_021508_1_1_mutated_228,26,0.05
NC_021508_1_1_mutated_229,13,0.05
NC_021508_1_1_mutated_230,16,0.05
NC_021508_1_1_mutated_231,14,0.05
NC_021508_1_1_mutated_232,18,0.05
NC_021508_1_1_mutated_233,14,0.05
NC_021508_1_1_mutated_234,15,0.05
NC_021508_1_1_mutated_235,18,0.05
NC_021508_1_1_mutated_236,23,0.05
NC_021508_1_1_mutated_237,20,0.05
NC_021508_1_1_mutated_238,11,0.05
NC_021508_1_1_mutated_239,24,0.05
NC_021508_1_1_mutated_240,14,0.05
NC_021508_1_1_mutated_241,16,0.05
NC_021508_1_1_mutated_242,21,0.05
NC_021508_1_1_mutated_243,11,0.05
NC_021508_1_1_mutated_244,19,0.05
NC_021508_1_1_mutated_245,17,0.05
NC_021508_1_1_mutated_246,14,0.05
NC_021508_1_1_mutated_247,19,0.05
NC_021508_1_1_mutated_248,23,0.05
NC_021508_1_1_mutated_249,18,0.05
NC_021508_1_1_mutated_250,19,0.05
NC_021508_1_1_mutated_1,2,0.01
NC_021508_1_1_mutated_2,4,0.01
NC_021508_1_1_mutated_3,5,0.01
NC_021508_1_1_mutated_4,6,0.01
NC_021508_1_1_mutated_5,4,0.01
NC_021508_1_1_mutated_6,3,0.01
NC_021508_1_1_mutated_7,1,0.01
NC_021508_1_1_mutated_8,6,0.01
NC_021508_1_1_mutated_9,2,0.01
NC_021508_1_1_mutated_10,5,0.01
NC_021508_1_1_mutated_11,2,0.01
NC_021508_1_1_mutated_12,4,0.01
NC_021508_1_1_mutated_13,0,0.01
NC_021508_1_1_mutated_14,3,0.01
NC_021508_1_1_mutated_15,1,0.01
NC_021508_1_1_mutated_16,1,0.01
NC_021508_1_1_mutated_17,6,0.01
NC_021508_1_1_mutated_18,3,0.01
NC_021508_1_1_mutated_19,4,0.01
NC_021508_1_1_mutated_20,5,0.01
NC_021508_1_1_mutated_21,6,0.01
NC_021508_1_1_mutated_22,4,0.01
NC_021508_1_1_mutated_23,5,0.01
NC_021508_1_1_mutated_24,5,0.01
NC_021508_1_1_mutated_25,3,0.01
NC_021508_1_1_mutated_26,4,0.01
NC_021508_1_1_mutated_27,2,0.01
NC_021508_1_1_mutated_28,3,0.01
NC_021508_1_1_mutated_29,3,0.01
NC_021508_1_1_mutated_30,1,0.01
NC_021508_1_1_mutated_31,5,0.01
NC_021508_1_1_mutated_32,4,0.01
NC_021508_1_1_mutated_33,2,0.01
NC_021508_1_1_mutated_34,2,0.01
NC_021508_1_1_mutated_35,2,0.01
NC_021508_1_1_mutated_36,3,0.01
NC_021508_1_1_mutated_37,4,0.01
NC_021508_1_1_mutated_38,4,0.01
NC_021508_1_1_mutated_39,3,0.01
NC_021508_1_1_mutated_40,3,0.01
NC_021508_1_1_mutated_41,3,0.01
NC_021508_1_1_mutated_42,2,0.01
NC_021508_1_1_mutated_43,6,0.01
NC_021508_1_1_mutated_44,4,0.01
NC_021508_1_1_mutated_45,1,0.01
NC_021508_1_1_mutated_46,1,0.01
NC_021508_1_1_mutated_47,3,0.01
NC_021508_1_1_mutated_48,7,0.01
NC_021508_1_1_mutated_49,1,0.01
NC_021508_1_1_mutated_50,2,0.01
NC_021508_1_1_mutated_51,4,0.01
NC_021508_1_1_mutated_52,5,0.01
NC_021508_1_1_mutated_53,1,0.01
NC_021508_1_1_mutated_54,2,0.01
NC_021508_1_1_mutated_55,2,0.01
NC_021508_1_1_mutated_56,3,0.01
NC_021508_1_1_mutated_57,4,0.01
NC_021508_1_1_mutated_58,6,0.01
NC_021508_1_1_mutated_59,6,0.01
NC_021508_1_1_mutated_60,2,0.01
NC_021508_1_1_mutated_61,5,0.01
NC_021508_1_1_mutated_62,5,0.01
NC_021508_1_1_mutated_63,4,0.01
NC_021508_1_1_mutated_64,3,0.01
NC_021508_1_1_mutated_65,4,0.01
NC_021508_1_1_mutated_66,3,0.01
NC_021508_1_1_mutated_67,2,0.01
NC_021508_1_1_mutated_68,6,0.01
NC_021508_1_1_mutated_69,4,0.01
NC_021508_1_1_mutated_70,5,0.01
NC_021508_1_1_mutated_71,5,0.01
NC_021508_1_1_mutated_72,3,0.01
NC_021508_1_1_mutated_73,4,0.01
NC_021508_1_1_mutated_74,3,0.01
NC_021508_1_1_mutated_75,2,0.01
NC_021508_1_1_mutated_76,5,0.01
NC_021508_1_1_mutated_77,2,0.01
NC_021508_1_1_mutated_78,3,0.01
NC_021508_1_1_mutated_79,4,0.01
NC_021508_1_1_mutated_80,3,0.01
NC_021508_1_1_mutated_81,3,0.01
NC_021508_1_1_mutated_82,7,0.01
NC_021508_1_1_mutated_83,3,0.01
NC_021508_1_1_mutated_84,3,0.01
NC_021508_1_1_mutated_85,6,0.01
NC_021508_1_1_mutated_86,5,0.01
NC_021508_1_1_mutated_87,4,0.01
NC_021508_1_1_mutated_88,2,0.01
NC_021508_1_1_mutated_89,3,0.01
NC_021508_1_1_mutated_90,2,0.01
NC_021508_1_1_mutated_91,4,0.01
NC_021508_1_1_mutated_92,6,0.01
NC_021508_1_1_mutated_93,4,0.01
NC_021508_1_1_mutated_94,5,0.01
NC_021508_1_1_mutated_95,1,0.01
NC_021508_1_1_mutated_96,2,0.01
NC_021508_1_1_mutated_97,1,0.01
NC_021508_1_1_mutated_98,3,0.01
NC_021508_1_1_mutated_99,6,0.01
NC_021508_1_1_mutated_100,4,0.01
NC_021508_1_1_mutated_101,2,0.01
NC_021508_1_1_mutated_102,4,0.01
NC_021508_1_1_mutated_103,5,0.01
NC_021508_1_1_mutated_104,1,0.01
NC_021508_1_1_mutated_105,4,0.01
NC_021508_1_1_mutated_106,2,0.01
NC_021508_1_1_mutated_107,1,0.01
NC_021508_1_1_mutated_108,2,0.01
NC_021508_1_1_mutated_109,2,0.01
NC_021508_1_1_mutated_110,1,0.01
NC_021508_1_1_mutated_111,2,0.01
NC_021508_1_1_mutated_112,2,0.01
NC_021508_1_1_mutated_113,2,0.01
NC_021508_1_1_mutated_114,4,0.01
NC_021508_1_1_mutated_115,4,0.01
NC_021508_1_1_mutated_116,2,0.01
NC_021508_1_1_mutated_117,2,0.01
NC_021508_1_1_mutated_118,2,0.01
NC_021508_1_1_mutated_119,4,0.01
NC_021508_1_1_mutated_120,6,0.01
NC_021508_1_1_mutated_121,4,0.01
NC_021508_1_1_mutated_122,4,0.01
NC_021508_1_1_mutated_123,2,0.01
NC_021508_1_1_mutated_124,1,0.01
NC_021508_1_1_mutated_125,0,0.01
NC_021508_1_1_mutated_126,2,0.01
NC_021508_1_1_mutated_127,2,0.01
NC_021508_1_1_mutated_128,6,0.01
NC_021508_1_1_mutated_129,5,0.01
NC_021508_1_1_mutated_130,2,0.01
NC_021508_1_1_mutated_131,5,0.01
NC_021508_1_1_mutated_132,3,0.01
NC_021508_1_1_mutated_133,4,0.01
NC_021508_1_1_mutated_134,4,0.01
NC_021508_1_1_mutated_135,4,0.01
NC_021508_1_1_mutated_136,6,0.01
NC_021508_1_1_mutated_137,1,0.01
NC_021508_1_1_mutated_138,4,0.01
NC_021508_1_1_mutated_139,4,0.01
NC_021508_1_1_mutated_140,6,0.01
NC_021508_1_1_mutated_141,1,0.01
NC_021508_1_1_mutated_142,3,0.01
NC_021508_1_1_mutated_143,2,0.01
NC_021508_1_1_mutated_144,2,0.01
NC_021508_1_1_mutated_145,3,0.01
NC_021508_1_1_mutated_146,2,0.01
NC_021508_1_1_mutated_147,2,0.01
NC_021508_1_1_mutated_148,4,0.01
NC_021508_1_1_mutated_149,6,0.01
NC_021508_1_1_mutated_150,1,0.01
NC_021508_1_1_mutated_151,1,0.01
NC_021508_1_1_mutated_152,5,0.01
NC_021508_1_1_mutated_153,2,0.01
NC_021508_1_1_mutated_154,2,0.01
NC_021508_1_1_mutated_155,5,0.01
NC_021508_1_1_mutated_156,2,0.01
NC_021508_1_1_mutated_157,2,0.01
NC_021508_1_1_mutated_158,3,0.01
NC_021508_1_1_mutated_159,2,0.01
NC_021508_1_1_mutated_160,3,0.01
NC_021508_1_1_mutated_161,4,0.01
NC_021508_1_1_mutated_162,3,0.01
NC_021508_1_1_mutated_163,6,0.01
NC_021508_1_1_mutated_164,1,0.01
NC_021508_1_1_mutated_165,3,0.01
NC_021508_1_1_mutated_166,1,0.01
NC_021508_1_1_mutated_167,5,0.01
NC_021508_1_1_mutated_168,2,0.01
NC_021508_1_1_mutated_169,6,0.01
NC_021508_1_1_mutated_170,2,0.01
NC_021508_1_1_mutated_171,1,0.01
NC_021508_1_1_mutated_172,6,0.01
NC_021508_1_1_mutated_173,5,0.01
NC_021508_1_1_mutated_174,1,0.01
NC_021508_1_1_mutated_175,5,0.01
NC_021508_1_1_mutated_176,1,0.01
NC_021508_1_1_mutated_177,5,0.01
NC_021508_1_1_mutated_178,6,0.01
NC_021508_1_1_mutated_179,2,0.01
NC_021508_1_1_mutated_180,3,0.01
NC_021508_1_1_mutated_181,2,0.01
NC_021508_1_1_mutated_182,4,0.01
NC_021508_1_1_mutated_183,4,0.01
NC_021508_1_1_mutated_184,4,0.01
NC_021508_1_1_mutated_185,2,0.01
NC_021508_1_1_mutated_186,5,0.01
NC_021508_1_1_mutated_187,3,0.01
NC_021508_1_1_mutated_188,3,0.01
NC_021508_1_1_mutated_189,5,0.01
NC_021508_1_1_mutated_190,4,0.01
NC_021508_1_1_mutated_191,3,0.01
NC_021508_1_1_mutated_192,3,0.01
NC_021508_1_1_mutated_193,3,0.01
NC_021508_1_1_mutated_194,3,0.01
NC_021508_1_1_mutated_195,6,0.01
NC_021508_1_1_mutated_196,6,0.01
NC_021508_1_1_mutated_197,2,0.01
NC_021508_1_1_mutated_198,4,0.01
NC_021508_1_1_mutated_199,2,0.01
NC_021508_1_1_mutated_200,6,0.01
NC_021508_1_1_mutated_201,2,0.01
NC_021508_1_1_mutated_202,4,0.01
NC_021508_1_1_mutated_203,1,0.01
NC_021508_1_1_mutated_204,2,0.01
NC_021508_1_1_mutated_205,2,0.01
NC_021508_1_1_mutated_206,3,0.01
NC_021508_1_1_mutated_207,4,0.01
NC_021508_1_1_mutated_208,1,0.01
NC_021508_1_1_mutated_209,2,0.01
NC_021508_1_1_mutated_210,3,0.01
NC_021508_1_1_mutated_211,3,0.01
NC_021508_1_1_mutated_212,5,0.01
NC_021508_1_1_mutated_213,3,0.01
NC_021508_1_1_mutated_214,8,0.01
NC_021508_1_1_mutated_215,4,0.01
NC_021508_1_1_mutated_216,6,0.01
NC_021508_1_1_mutated_217,4,0.01
NC_021508_1_1_mutated_218,3,0.01
NC_021508_1_1_mutated_219,4,0.01
NC_021508_1_1_mutated_220,2,0.01
NC_021508_1_1_mutated_221,4,0.01
NC_021508_1_1_mutated_222,7,0.01
NC_021508_1_1_mutated_223,2,0.01
NC_021508_1_1_mutated_224,6,0.01
NC_021508_1_1_mutated_225,1,0.01
NC_021508_1_1_mutated_226,0,0.01
NC_021508_1_1_mutated_227,6,0.01
NC_021508_1_1_mutated_228,3,0.01
NC_021508_1_1_mutated_229,2,0.01
NC_021508_1_1_mutated_230,3,0.01
NC_021508_1_1_mutated_231,6,0.01
NC_021508_1_1_mutated_232,5,0.01
NC_021508_1_1_mutated_233,6,0.01
NC_021508_1_1_mutated_234,0,0.01
NC_021508_1_1_mutated_235,5,0.01
NC_021508_1_1_mutated_236,4,0.01
NC_021508_1_1_mutated_237,6,0.01
NC_021508_1_1_mutated_238,3,0.01
NC_021508_1_1_mutated_239,0,0.01
NC_021508_1_1_mutated_240,2,0.01
NC_021508_1_1_mutated_241,2,0.01
NC_021508_1_1_mutated_242,5,0.01
NC_021508_1_1_mutated_243,2,0.01
NC_021508_1_1_mutated_244,3,0.01
NC_021508_1_1_mutated_245,6,0.01
NC_021508_1_1_mutated_246,4,0.01
NC_021508_1_1_mutated_247,2,0.01
NC_021508_1_1_mutated_248,3,0.01
NC_021508_1_1_mutated_249,3,0.01
NC_021508_1_1_mutated_250,3,0.01
NC_021508_1_1_mutated_1,1,0.005
NC_021508_1_1_mutated_2,0,0.005
NC_021508_1_1_mutated_3,0,0.005
NC_021508_1_1_mutated_4,0,0.005
NC_021508_1_1_mutated_5,2,0.005
NC_021508_1_1_mutated_6,2,0.005
NC_021508_1_1_mutated_7,0,0.005
NC_021508_1_1_mutated_8,1,0.005
NC_021508_1_1_mutated_9,0,0.005
NC_021508_1_1_mutated_10,0,0.005
NC_021508_1_1_mutated_11,0,0.005
NC_021508_1_1_mutated_12,2,0.005
NC_021508_1_1_mutated_13,1,0.005
NC_021508_1_1_mutated_14,1,0.005
NC_021508_1_1_mutated_15,1,0.005
NC_021508_1_1_mutated_16,0,0.005
NC_021508_1_1_mutated_17,0,0.005
NC_021508_1_1_mutated_18,0,0.005
NC_021508_1_1_mutated_19,3,0.005
NC_021508_1_1_mutated_20,4,0.005
NC_021508_1_1_mutated_21,0,0.005
NC_021508_1_1_mutated_22,3,0.005
NC_021508_1_1_mutated_23,0,0.005
NC_021508_1_1_mutated_24,2,0.005
NC_021508_1_1_mutated_25,0,0.005
NC_021508_1_1_mutated_26,4,0.005
NC_021508_1_1_mutated_27,1,0.005
NC_021508_1_1_mutated_28,1,0.005
NC_021508_1_1_mutated_29,0,0.005
NC_021508_1_1_mutated_30,2,0.005
NC_021508_1_1_mutated_31,1,0.005
NC_021508_1_1_mutated_32,2,0.005
NC_021508_1_1_mutated_33,1,0.005
NC_021508_1_1_mutated_34,2,0.005
NC_021508_1_1_mutated_35,1,0.005
NC_021508_1_1_mutated_36,2,0.005
NC_021508_1_1_mutated_37,0,0.005
NC_021508_1_1_mutated_38,0,0.005
NC_021508_1_1_mutated_39,3,0.005
NC_021508_1_1_mutated_40,2,0.005
NC_021508_1_1_mutated_41,2,0.005
NC_021508_1_1_mutated_42,1,0.005
NC_021508_1_1_mutated_43,4,0.005
NC_021508_1_1_mutated_44,2,0.005
NC_021508_1_1_mutated_45,2,0.005
NC_021508_1_1_mutated_46,0,0.005
NC_021508_1_1_mutated_47,2,0.005
NC_021508_1_1_mutated_48,4,0.005
NC_021508_1_1_mutated_49,2,0.005
NC_021508_1_1_mutated_50,1,0.005
NC_021508_1_1_mutated_51,1,0.005
NC_021508_1_1_mutated_52,5,0.005
NC_021508_1_1_mutated_53,3,0.005
NC_021508_1_1_mutated_54,0,0.005
NC_021508_1_1_mutated_55,1,0.005
NC_021508_1_1_mutated_56,3,0.005
NC_021508_1_1_mutated_57,1,0.005
NC_021508_1_1_mutated_58,1,0.005
NC_021508_1_1_mutated_59,2,0.005
NC_021508_1_1_mutated_60,2,0.005
NC_021508_1_1_mutated_61,3,0.005
NC_021508_1_1_mutated_62,3,0.005
NC_021508_1_1_mutated_63,4,0.005
NC_021508_1_1_mutated_64,1,0.005
NC_021508_1_1_mutated_65,1,0.005
NC_021508_1_1_mutated_66,1,0.005
NC_021508_1_1_mutated_67,2,0.005
NC_021508_1_1_mutated_68,2,0.005
NC_021508_1_1_mutated_69,1,0.005
NC_021508_1_1_mutated_70,3,0.005
NC_021508_1_1_mutated_71,2,0.005
NC_021508_1_1_mutated_72,2,0.005
NC_021508_1_1_mutated_73,2,0.005
NC_021508_1_1_mutated_74,2,0.005
NC_021508_1_1_mutated_75,2,0.005
NC_021508_1_1_mutated_76,0,0.005
NC_021508_1_1_mutated_77,0,0.005
NC_021508_1_1_mutated_78,2,0.005
NC_021508_1_1_mutated_79,1,0.005
NC_021508_1_1_mutated_80,1,0.005
NC_021508_1_1_mutated_81,2,0.005
NC_021508_1_1_mutated_82,0,0.005
NC_021508_1_1_mutated_83,1,0.005
NC_021508_1_1_mutated_84,1,0.005
NC_021508_1_1_mutated_85,0,0.005
NC_021508_1_1_mutated_86,3,0.005
NC_021508_1_1_mutated_87,3,0.005
NC_021508_1_1_mutated_88,1,0.005
NC_021508_1_1_mutated_89,1,0.005
NC_021508_1_1_mutated_90,1,0.005
NC_021508_1_1_mutated_91,0,0.005
NC_021508_1_1_mutated_92,1,0.005
NC_021508_1_1_mutated_93,0,0.005
NC_021508_1_1_mutated_94,1,0.005
NC_021508_1_1_mutated_95,0,0.005
NC_021508_1_1_mutated_96,2,0.005
NC_021508_1_1_mutated_97,2,0.005
NC_021508_1_1_mutated_98,1,0.005
NC_021508_1_1_mutated_99,2,0.005
NC_021508_1_1_mutated_100,2,0.005
NC_021508_1_1_mutated_101,2,0.005
NC_021508_1_1_mutated_102,2,0.005
NC_021508_1_1_mutated_103,2,0.005
NC_021508_1_1_mutated_104,2,0.005
NC_021508_1_1_mutated_105,4,0.005
NC_021508_1_1_mutated_106,0,0.005
NC_021508_1_1_mutated_107,1,0.005
NC_021508_1_1_mutated_108,3,0.005
NC_021508_1_1_mutated_109,3,0.005
NC_021508_1_1_mutated_110,1,0.005
NC_021508_1_1_mutated_111,0,0.005
NC_021508_1_1_mutated_112,2,0.005
NC_021508_1_1_mutated_113,2,0.005
NC_021508_1_1_mutated_114,3,0.005
NC_021508_1_1_mutated_115,2,0.005
NC_021508_1_1_mutated_116,2,0.005
NC_021508_1_1_mutated_117,1,0.005
NC_021508_1_1_mutated_118,3,0.005
NC_021508_1_1_mutated_119,2,0.005
NC_021508_1_1_mutated_120,1,0.005
NC_021508_1_1_mutated_121,1,0.005
NC_021508_1_1_mutated_122,0,0.005
NC_021508_1_1_mutated_123,2,0.005
NC_021508_1_1_mutated_124,0,0.005
NC_021508_1_1_mutated_125,1,0.005
NC_021508_1_1_mutated_126,3,0.005
NC_021508_1_1_mutated_127,2,0.005
NC_021508_1_1_mutated_128,1,0.005
NC_021508_1_1_mutated_129,0,0.005
NC_021508_1_1_mutated_130,3,0.005
NC_021508_1_1_mutated_131,1,0.005
NC_021508_1_1_mutated_132,2,0.005
NC_021508_1_1_mutated_133,1,0.005
NC_021508_1_1_mutated_134,3,0.005
NC_021508_1_1_mutated_135,1,0.005
NC_021508_1_1_mutated_136,1,0.005
NC_021508_1_1_mutated_137,3,0.005
NC_021508_1_1_mutated_138,0,0.005
NC_021508_1_1_mutated_139,1,0.005
NC_021508_1_1_mutated_140,1,0.005
NC_021508_1_1_mutated_141,2,0.005
NC_021508_1_1_mutated_142,2,0.005
NC_021508_1_1_mutated_143,0,0.005
NC_021508_1_1_mutated_144,0,0.005
NC_021508_1_1_mutated_145,2,0.005
NC_021508_1_1_mutated_146,2,0.005
NC_021508_1_1_mutated_147,0,0.005
NC_021508_1_1_mutated_148,0,0.005
NC_021508_1_1_mutated_149,0,0.005
NC_021508_1_1_mutated_150,4,0.005
NC_021508_1_1_mutated_151,1,0.005
NC_021508_1_1_mutated_152,0,0.005
NC_021508_1_1_mutated_153,1,0.005
NC_021508_1_1_mutated_154,3,0.005
NC_021508_1_1_mutated_155,1,0.005
NC_021508_1_1_mutated_156,4,0.005
NC_021508_1_1_mutated_157,0,0.005
NC_021508_1_1_mutated_158,1,0.005
NC_021508_1_1_mutated_159,2,0.005
NC_021508_1_1_mutated_160,1,0.005
NC_021508_1_1_mutated_161,0,0.005
NC_021508_1_1_mutated_162,1,0.005
NC_021508_1_1_mutated_163,5,0.005
NC_021508_1_1_mutated_164,3,0.005
NC_021508_1_1_mutated_165,0,0.005
NC_021508_1_1_mutated_166,1,0.005
NC_021508_1_1_mutated_167,3,0.005
NC_021508_1_1_mutated_168,1,0.005
NC_021508_1_1_mutated_169,2,0.005
NC_021508_1_1_mutated_170,7,0.005
NC_021508_1_1_mutated_171,3,0.005
NC_021508_1_1_mutated_172,0,0.005
NC_021508_1_1_mutated_173,2,0.005
NC_021508_1_1_mutated_174,4,0.005
NC_021508_1_1_mutated_175,0,0.005
NC_021508_1_1_mutated_176,1,0.005
NC_021508_1_1_mutated_177,3,0.005
NC_021508_1_1_mutated_178,1,0.005
NC_021508_1_1_mutated_179,2,0.005
NC_021508_1_1_mutated_180,1,0.005
NC_021508_1_1_mutated_181,0,0.005
NC_021508_1_1_mutated_182,1,0.005
NC_021508_1_1_mutated_183,1,0.005
NC_021508_1_1_mutated_184,1,0.005
NC_021508_1_1_mutated_185,2,0.005
NC_021508_1_1_mutated_186,3,0.005
NC_021508_1_1_mutated_187,3,0.005
NC_021508_1_1_mutated_188,1,0.005
NC_021508_1_1_mutated_189,3,0.005
NC_021508_1_1_mutated_190,2,0.005
NC_021508_1_1_mutated_191,0,0.005
NC_021508_1_1_mutated_192,0,0.005
NC_021508_1_1_mutated_193,0,0.005
NC_021508_1_1_mutated_194,1,0.005
NC_021508_1_1_mutated_195,2,0.005
NC_021508_1_1_mutated_196,1,0.005
NC_021508_1_1_mutated_197,1,0.005
NC_021508_1_1_mutated_198,1,0.005
NC_021508_1_1_mutated_199,3,0.005
NC_021508_1_1_mutated_200,0,0.005
NC_021508_1_1_mutated_201,1,0.005
NC_021508_1_1_mutated_202,2,0.005
NC_021508_1_1_mutated_203,1,0.005
NC_021508_1_1_mutated_204,0,0.005
NC_021508_1_1_mutated_205,2,0.005
NC_021508_1_1_mutated_206,0,0.005
NC_021508_1_1_mutated_207,1,0.005
NC_021508_1_1_mutated_208,1,0.005
NC_021508_1_1_mutated_209,0,0.005
NC_021508_1_1_mutated_210,4,0.005
NC_021508_1_1_mutated_211,1,0.005
NC_021508_1_1_mutated_212,1,0.005
NC_021508_1_1_mutated_213,2,0.005
NC_021508_1_1_mutated_214,1,0.005
NC_021508_1_1_mutated_215,1,0.005
NC_021508_1_1_mutated_216,4,0.005
NC_021508_1_1_mutated_217,2,0.005
NC_021508_1_1_mutated_218,1,0.005
NC_021508_1_1_mutated_219,0,0.005
NC_021508_1_1_mutated_220,1,0.005
NC_021508_1_1_mutated_221,2,0.005
NC_021508_1_1_mutated_222,0,0.005
NC_021508_1_1_mutated_223,1,0.005
NC_021508_1_1_mutated_224,2,0.005
NC_021508_1_1_mutated_225,0,0.005
NC_021508_1_1_mutated_226,2,0.005
NC_021508_1_1_mutated_227,2,0.005
NC_021508_1_1_mutated_228,3,0.005
NC_021508_1_1_mutated_229,1,0.005
NC_021508_1_1_mutated_230,3,0.005
NC_021508_1_1_mutated_231,0,0.005
NC_021508_1_1_mutated_232,1,0.005
NC_021508_1_1_mutated_233,0,0.005
NC_021508_1_1_mutated_234,2,0.005
NC_021508_1_1_mutated_235,3,0.005
NC_021508_1_1_mutated_236,3,0.005
NC_021508_1_1_mutated_237,2,0.005
NC_021508_1_1_mutated_238,2,0.005
NC_021508_1_1_mutated_239,2,0.005
NC_021508_1_1_mutated_240,1,0.005
NC_021508_1_1_mutated_241,1,0.005
NC_021508_1_1_mutated_242,4,0.005
NC_021508_1_1_mutated_243,1,0.005
NC_021508_1_1_mutated_244,1,0.005
NC_021508_1_1_mutated_245,3,0.005
NC_021508_1_1_mutated_246,3,0.005
NC_021508_1_1_mutated_247,1,0.005
NC_021508_1_1_mutated_248,3,0.005
NC_021508_1_1_mutated_249,1,0.005
NC_021508_1_1_mutated_250,5,0.005
NC_021508_1_1_mutated_1,1,0.001
NC_021508_1_1_mutated_2,0,0.001
NC_021508_1_1_mutated_3,0,0.001
NC_021508_1_1_mutated_4,0,0.001
NC_021508_1_1_mutated_5,0,0.001
NC_021508_1_1_mutated_6,1,0.001
NC_021508_1_1_mutated_7,1,0.001
NC_021508_1_1_mutated_8,0,0.001
NC_021508_1_1_mutated_9,0,0.001
NC_021508_1_1_mutated_10,1,0.001
NC_021508_1_1_mutated_11,0,0.001
NC_021508_1_1_mutated_12,1,0.001
NC_021508_1_1_mutated_13,0,0.001
NC_021508_1_1_mutated_14,0,0.001
NC_021508_1_1_mutated_15,0,0.001
NC_021508_1_1_mutated_16,1,0.001
NC_021508_1_1_mutated_17,0,0.001
NC_021508_1_1_mutated_18,1,0.001
NC_021508_1_1_mutated_19,0,0.001
NC_021508_1_1_mutated_20,2,0.001
NC_021508_1_1_mutated_21,0,0.001
NC_021508_1_1_mutated_22,0,0.001
NC_021508_1_1_mutated_23,0,0.001
NC_021508_1_1_mutated_24,3,0.001
NC_021508_1_1_mutated_25,1,0.001
NC_021508_1_1_mutated_26,0,0.001
NC_021508_1_1_mutated_27,0,0.001
NC_021508_1_1_mutated_28,0,0.001
NC_021508_1_1_mutated_29,1,0.001
NC_021508_1_1_mutated_30,1,0.001
NC_021508_1_1_mutated_31,0,0.001
NC_021508_1_1_mutated_32,0,0.001
NC_021508_1_1_mutated_33,1,0.001
NC_021508_1_1_mutated_34,0,0.001
NC_021508_1_1_mutated_35,1,0.001
NC_021508_1_1_mutated_36,0,0.001
NC_021508_1_1_mutated_37,0,0.001
NC_021508_1_1_mutated_38,0,0.001
NC_021508_1_1_mutated_39,0,0.001
NC_021508_1_1_mutated_40,1,0.001
NC_021508_1_1_mutated_41,0,0.001
NC_021508_1_1_mutated_42,0,0.001
NC_021508_1_1_mutated_43,0,0.001
NC_021508_1_1_mutated_44,1,0.001
NC_021508_1_1_mutated_45,2,0.001
NC_021508_1_1_mutated_46,1,0.001
NC_021508_1_1_mutated_47,0,0.001
NC_021508_1_1_mutated_48,0,0.001
NC_021508_1_1_mutated_49,0,0.001
NC_021508_1_1_mutated_50,1,0.001
NC_021508_1_1_mutated_51,0,0.001
NC_021508_1_1_mutated_52,0,0.001
NC_021508_1_1_mutated_53,0,0.001
NC_021508_1_1_mutated_54,1,0.001
NC_021508_1_1_mutated_55,0,0.001
NC_021508_1_1_mutated_56,0,0.001
NC_021508_1_1_mutated_57,1,0.001
NC_021508_1_1_mutated_58,2,0.001
NC_021508_1_1_mutated_59,0,0.001
NC_021508_1_1_mutated_60,0,0.001
NC_021508_1_1_mutated_61,0,0.001
NC_021508_1_1_mutated_62,0,0.001
NC_021508_1_1_mutated_63,1,0.001
NC_021508_1_1_mutated_64,0,0.001
NC_021508_1_1_mutated_65,0,0.001
NC_021508_1_1_mutated_66,0,0.001
NC_021508_1_1_mutated_67,0,0.001
NC_021508_1_1_mutated_68,0,0.001
NC_021508_1_1_mutated_69,1,0.001
NC_021508_1_1_mutated_70,0,0.001
NC_021508_1_1_mutated_71,0,0.001
NC_021508_1_1_mutated_72,0,0.001
NC_021508_1_1_mutated_73,0,0.001
NC_021508_1_1_mutated_74,0,0.001
NC_021508_1_1_mutated_75,0,0.001
NC_021508_1_1_mutated_76,0,0.001
NC_021508_1_1_mutated_77,1,0.001
NC_021508_1_1_mutated_78,1,0.001
NC_021508_1_1_mutated_79,0,0.001
NC_021508_1_1_mutated_80,0,0.001
NC_021508_1_1_mutated_81,0,0.001
NC_021508_1_1_mutated_82,0,0.001
NC_021508_1_1_mutated_83,0,0.001
NC_021508_1_1_mutated_84,0,0.001
NC_021508_1_1_mutated_85,0,0.001
NC_021508_1_1_mutated_86,1,0.001
NC_021508_1_1_mutated_87,0,0.001
NC_021508_1_1_mutated_88,0,0.001
NC_021508_1_1_mutated_89,0,0.001
NC_021508_1_1_mutated_90,0,0.001
NC_021508_1_1_mutated_91,0,0.001
NC_021508_1_1_mutated_92,0,0.001
NC_021508_1_1_mutated_93,0,0.001
NC_021508_1_1_mutated_94,1,0.001
NC_021508_1_1_mutated_95,1,0.001
NC_021508_1_1_mutated_96,3,0.001
NC_021508_1_1_mutated_97,2,0.001
NC_021508_1_1_mutated_98,0,0.001
NC_021508_1_1_mutated_99,1,0.001
NC_021508_1_1_mutated_100,0,0.001
NC_021508_1_1_mutated_101,2,0.001
NC_021508_1_1_mutated_102,0,0.001
NC_021508_1_1_mutated_103,1,0.001
NC_021508_1_1_mutated_104,0,0.001
NC_021508_1_1_mutated_105,0,0.001
NC_021508_1_1_mutated_106,0,0.001
NC_021508_1_1_mutated_107,0,0.001
NC_021508_1_1_mutated_108,0,0.001
NC_021508_1_1_mutated_109,1,0.001
NC_021508_1_1_mutated_110,0,0.001
NC_021508_1_1_mutated_111,2,0.001
NC_021508_1_1_mutated_112,0,0.001
NC_021508_1_1_mutated_113,0,0.001
NC_021508_1_1_mutated_114,0,0.001
NC_021508_1_1_mutated_115,1,0.001
NC_021508_1_1_mutated_116,0,0.001
NC_021508_1_1_mutated_117,1,0.001
NC_021508_1_1_mutated_118,0,0.001
NC_021508_1_1_mutated_119,0,0.001
NC_021508_1_1_mutated_120,0,0.001
NC_021508_1_1_mutated_121,1,0.001
NC_021508_1_1_mutated_122,0,0.001
NC_021508_1_1_mutated_123,0,0.001
NC_021508_1_1_mutated_124,1,0.001
NC_021508_1_1_mutated_125,0,0.001
NC_021508_1_1_mutated_126,0,0.001
NC_021508_1_1_mutated_127,0,0.001
NC_021508_1_1_mutated_128,1,0.001
NC_021508_1_1_mutated_129,0,0.001
NC_021508_1_1_mutated_130,0,0.001
NC_021508_1_1_mutated_131,0,0.001
NC_021508_1_1_mutated_132,2,0.001
NC_021508_1_1_mutated_133,0,0.001
NC_021508_1_1_mutated_134,1,0.001
NC_021508_1_1_mutated_135,0,0.001
NC_021508_1_1_mutated_136,0,0.001
NC_021508_1_1_mutated_137,0,0.001
NC_021508_1_1_mutated_138,2,0.001
NC_021508_1_1_mutated_139,0,0.001
NC_021508_1_1_mutated_140,0,0.001
NC_021508_1_1_mutated_141,0,0.001
NC_021508_1_1_mutated_142,0,0.001
NC_021508_1_1_mutated_143,0,0.001
NC_021508_1_1_mutated_144,0,0.001
NC_021508_1_1_mutated_145,0,0.001
NC_021508_1_1_mutated_146,0,0.001
NC_021508_1_1_mutated_147,1,0.001
NC_021508_1_1_mutated_148,0,0.001
NC_021508_1_1_mutated_149,1,0.001
NC_021508_1_1_mutated_150,1,0.001
NC_021508_1_1_mutated_151,0,0.001
NC_021508_1_1_mutated_152,0,0.001
NC_021508_1_1_mutated_153,0,0.001
NC_021508_1_1_mutated_154,2,0.001
NC_021508_1_1_mutated_155,1,0.001
NC_021508_1_1_mutated_156,0,0.001
NC_021508_1_1_mutated_157,0,0.001
NC_021508_1_1_mutated_158,0,0.001
NC_021508_1_1_mutated_159,2,0.001
NC_021508_1_1_mutated_160,0,0.001
NC_021508_1_1_mutated_161,0,0.001
NC_021508_1_1_mutated_162,1,0.001
NC_021508_1_1_mutated_163,1,0.001
NC_021508_1_1_mutated_164,0,0.001
NC_021508_1_1_mutated_165,0,0.001
NC_021508_1_1_mutated_166,1,0.001
NC_021508_1_1_mutated_167,0,0.001
NC_021508_1_1_mutated_168,0,0.001
NC_021508_1_1_mutated_169,1,0.001
NC_021508_1_1_mutated_170,1,0.001
NC_021508_1_1_mutated_171,1,0.001
NC_021508_1_1_mutated_172,0,0.001
NC_021508_1_1_mutated_173,0,0.001
NC_021508_1_1_mutated_174,0,0.001
NC_021508_1_1_mutated_175,0,0.001
NC_021508_1_1_mutated_176,0,0.001
NC_021508_1_1_mutated_177,1,0.001
NC_021508_1_1_mutated_178,1,0.001
NC_021508_1_1_mutated_179,1,0.001
NC_021508_1_1_mutated_180,0,0.001
NC_021508_1_1_mutated_181,1,0.001
NC_021508_1_1_mutated_182,1,0.001
NC_021508_1_1_mutated_183,0,0.001
NC_021508_1_1_mutated_184,0,0.001
NC_021508_1_1_mutated_185,0,0.001
NC_021508_1_1_mutated_186,0,0.001
NC_021508_1_1_mutated_187,1,0.001
NC_021508_1_1_mutated_188,1,0.001
NC_021508_1_1_mutated_189,0,0.001
NC_021508_1_1_mutated_190,1,0.001
NC_021508_1_1_mutated_191,1,0.001
NC_021508_1_1_mutated_192,0,0.001
NC_021508_1_1_mutated_193,0,0.001
NC_021508_1_1_mutated_194,0,0.001
NC_021508_1_1_mutated_195,0,0.001
NC_021508_1_1_mutated_196,0,0.001
NC_021508_1_1_mutated_197,0,0.001
NC_021508_1_1_mutated_198,0,0.001
NC_021508_1_1_mutated_199,2,0.001
NC_021508_1_1_mutated_200,0,0.001
NC_021508_1_1_mutated_201,0,0.001
NC_021508_1_1_mutated_202,0,0.001
NC_021508_1_1_mutated_203,0,0.001
NC_021508_1_1_mutated_204,0,0.001
NC_021508_1_1_mutated_205,0,0.001
NC_021508_1_1_mutated_206,0,0.001
NC_021508_1_1_mutated_207,0,0.001
NC_021508_1_1_mutated_208,0,0.001
NC_021508_1_1_mutated_209,0,0.001
NC_021508_1_1_mutated_210,0,0.001
NC_021508_1_1_mutated_211,0,0.001
NC_021508_1_1_mutated_212,0,0.001
NC_021508_1_1_mutated_213,0,0.001
NC_021508_1_1_mutated_214,0,0.001
NC_021508_1_1_mutated_215,0,0.001
NC_021508_1_1_mutated_216,0,0.001
NC_021508_1_1_mutated_217,0,0.001
NC_021508_1_1_mutated_218,0,0.001
NC_021508_1_1_mutated_219,0,0.001
NC_021508_1_1_mutated_220,0,0.001
NC_021508_1_1_mutated_221,0,0.001
NC_021508_1_1_mutated_222,0,0.001
NC_021508_1_1_mutated_223,1,0.001
NC_021508_1_1_mutated_224,0,0.001
NC_021508_1_1_mutated_225,0,0.001
NC_021508_1_1_mutated_226,0,0.001
NC_021508_1_1_mutated_227,0,0.001
NC_021508_1_1_mutated_228,1,0.001
NC_021508_1_1_mutated_229,0,0.001
NC_021508_1_1_mutated_230,0,0.001
NC_021508_1_1_mutated_231,0,0.001
NC_021508_1_1_mutated_232,0,0.001
NC_021508_1_1_mutated_233,1,0.001
NC_021508_1_1_mutated_234,0,0.001
NC_021508_1_1_mutated_235,0,0.001
NC_021508_1_1_mutated_236,0,0.001
NC_021508_1_1_mutated_237,1,0.001
NC_021508_1_1_mutated_238,0,0.001
NC_021508_1_1_mutated_239,0,0.001
NC_021508_1_1_mutated_240,0,0.001
NC_021508_1_1_mutated_241,0,0.001
NC_021508_1_1_mutated_242,0,0.001
NC_021508_1_1_mutated_243,0,0.001
NC_021508_1_1_mutated_244,0,0.001
NC_021508_1_1_mutated_245,0,0.001
NC_021508_1_1_mutated_246,0,0.001
NC_021508_1_1_mutated_247,0,0.001
NC_021508_1_1_mutated_248,0,0.001
NC_021508_1_1_mutated_249,0,0.001
NC_021508_1_1_mutated_250,0,0.001
NC_021508_1_1_mutated_1,0,0.0005
NC_021508_1_1_mutated_2,0,0.0005
NC_021508_1_1_mutated_3,0,0.0005
NC_021508_1_1_mutated_4,0,0.0005
NC_021508_1_1_mutated_5,0,0.0005
NC_021508_1_1_mutated_6,0,0.0005
NC_021508_1_1_mutated_7,1,0.0005
NC_021508_1_1_mutated_8,0,0.0005
NC_021508_1_1_mutated_9,0,0.0005
NC_021508_1_1_mutated_10,0,0.0005
NC_021508_1_1_mutated_11,0,0.0005
NC_021508_1_1_mutated_12,0,0.0005
NC_021508_1_1_mutated_13,0,0.0005
NC_021508_1_1_mutated_14,0,0.0005
NC_021508_1_1_mutated_15,0,0.0005
NC_021508_1_1_mutated_16,0,0.0005
NC_021508_1_1_mutated_17,0,0.0005
NC_021508_1_1_mutated_18,0,0.0005
NC_021508_1_1_mutated_19,0,0.0005
NC_021508_1_1_mutated_20,2,0.0005
NC_021508_1_1_mutated_21,0,0.0005
NC_021508_1_1_mutated_22,0,0.0005
NC_021508_1_1_mutated_23,0,0.0005
NC_021508_1_1_mutated_24,1,0.0005
NC_021508_1_1_mutated_25,0,0.0005
NC_021508_1_1_mutated_26,0,0.0005
NC_021508_1_1_mutated_27,0,0.0005
NC_021508_1_1_mutated_28,0,0.0005
NC_021508_1_1_mutated_29,0,0.0005
NC_021508_1_1_mutated_30,0,0.0005
NC_021508_1_1_mutated_31,0,0.0005
NC_021508_1_1_mutated_32,0,0.0005
NC_021508_1_1_mutated_33,0,0.0005
NC_021508_1_1_mutated_34,1,0.0005
NC_021508_1_1_mutated_35,0,0.0005
NC_021508_1_1_mutated_36,0,0.0005
NC_021508_1_1_mutated_37,0,0.0005
NC_021508_1_1_mutated_38,0,0.0005
NC_021508_1_1_mutated_39,0,0.0005
NC_021508_1_1_mutated_40,0,0.0005
NC_021508_1_1_mutated_41,0,0.0005
NC_021508_1_1_mutated_42,1,0.0005
NC_021508_1_1_mutated_43,0,0.0005
NC_021508_1_1_mutated_44,0,0.0005
NC_021508_1_1_mutated_45,0,0.0005
NC_021508_1_1_mutated_46,1,0.0005
NC_021508_1_1_mutated_47,1,0.0005
NC_021508_1_1_mutated_48,0,0.0005
NC_021508_1_1_mutated_49,1,0.0005
NC_021508_1_1_mutated_50,0,0.0005
NC_021508_1_1_mutated_51,0,0.0005
NC_021508_1_1_mutated_52,0,0.0005
NC_021508_1_1_mutated_53,0,0.0005
NC_021508_1_1_mutated_54,0,0.0005
NC_021508_1_1_mutated_55,0,0.0005
NC_021508_1_1_mutated_56,0,0.0005
NC_021508_1_1_mutated_57,0,0.0005
NC_021508_1_1_mutated_58,0,0.0005
NC_021508_1_1_mutated_59,0,0.0005
NC_021508_1_1_mutated_60,0,0.0005
NC_021508_1_1_mutated_61,1,0.0005
NC_021508_1_1_mutated_62,0,0.0005
NC_021508_1_1_mutated_63,0,0.0005
NC_021508_1_1_mutated_64,0,0.0005
NC_021508_1_1_mutated_65,1,0.0005
NC_021508_1_1_mutated_66,0,0.0005
NC_021508_1_1_mutated_67,0,0.0005
NC_021508_1_1_mutated_68,0,0.0005
NC_021508_1_1_mutated_69,1,0.0005
NC_021508_1_1_mutated_70,0,0.0005
NC_021508_1_1_mutated_71,0,0.0005
NC_021508_1_1_mutated_72,0,0.0005
NC_021508_1_1_mutated_73,0,0.0005
NC_021508_1_1_mutated_74,0,0.0005
NC_021508_1_1_mutated_75,0,0.0005
NC_021508_1_1_mutated_76,0,0.0005
NC_021508_1_1_mutated_77,0,0.0005
NC_021508_1_1_mutated_78,0,0.0005
NC_021508_1_1_mutated_79,0,0.0005
NC_021508_1_1_mutated_80,0,0.0005
NC_021508_1_1_mutated_81,0,0.0005
NC_021508_1_1_mutated_82,0,0.0005
NC_021508_1_1_mutated_83,0,0.0005
NC_021508_1_1_mutated_84,0,0.0005
NC_021508_1_1_mutated_85,0,0.0005
NC_021508_1_1_mutated_86,0,0.0005
NC_021508_1_1_mutated_87,0,0.0005
NC_021508_1_1_mutated_88,0,0.0005
NC_021508_1_1_mutated_89,0,0.0005
NC_021508_1_1_mutated_90,0,0.0005
NC_021508_1_1_mutated_91,0,0.0005
NC_021508_1_1_mutated_92,0,0.0005
NC_021508_1_1_mutated_93,0,0.0005
NC_021508_1_1_mutated_94,0,0.0005
NC_021508_1_1_mutated_95,0,0.0005
NC_021508_1_1_mutated_96,1,0.0005
NC_021508_1_1_mutated_97,1,0.0005
NC_021508_1_1_mutated_98,0,0.0005
NC_021508_1_1_mutated_99,0,0.0005
NC_021508_1_1_mutated_100,1,0.0005
NC_021508_1_1_mutated_101,0,0.0005
NC_021508_1_1_mutated_102,0,0.0005
NC_021508_1_1_mutated_103,0,0.0005
NC_021508_1_1_mutated_104,0,0.0005
NC_021508_1_1_mutated_105,0,0.0005
NC_021508_1_1_mutated_106,0,0.0005
NC_021508_1_1_mutated_107,0,0.0005
NC_021508_1_1_mutated_108,0,0.0005
NC_021508_1_1_mutated_109,3,0.0005
NC_021508_1_1_mutated_110,0,0.0005
NC_021508_1_1_mutated_111,1,0.0005
NC_021508_1_1_mutated_112,0,0.0005
NC_021508_1_1_mutated_113,0,0.0005
NC_021508_1_1_mutated_114,0,0.0005
NC_021508_1_1_mutated_115,0,0.0005
NC_021508_1_1_mutated_116,0,0.0005
NC_021508_1_1_mutated_117,0,0.0005
NC_021508_1_1_mutated_118,0,0.0005
NC_021508_1_1_mutated_119,0,0.0005
NC_021508_1_1_mutated_120,0,0.0005
NC_021508_1_1_mutated_121,0,0.0005
NC_021508_1_1_mutated_122,0,0.0005
NC_021508_1_1_mutated_123,0,0.0005
NC_021508_1_1_mutated_124,0,0.0005
NC_021508_1_1_mutated_125,0,0.0005
NC_021508_1_1_mutated_126,0,0.0005
NC_021508_1_1_mutated_127,0,0.0005
NC_021508_1_1_mutated_128,0,0.0005
NC_021508_1_1_mutated_129,1,0.0005
NC_021508_1_1_mutated_130,0,0.0005
NC_021508_1_1_mutated_131,0,0.0005
NC_021508_1_1_mutated_132,0,0.0005
NC_021508_1_1_mutated_133,0,0.0005
NC_021508_1_1_mutated_134,2,0.0005
NC_021508_1_1_mutated_135,1,0.0005
NC_021508_1_1_mutated_136,1,0.0005
NC_021508_1_1_mutated_137,0,0.0005
NC_021508_1_1_mutated_138,1,0.0005
NC_021508_1_1_mutated_139,0,0.0005
NC_021508_1_1_mutated_140,2,0.0005
NC_021508_1_1_mutated_141,0,0.0005
NC_021508_1_1_mutated_142,0,0.0005
NC_021508_1_1_mutated_143,0,0.0005
NC_021508_1_1_mutated_144,0,0.0005
NC_021508_1_1_mutated_145,1,0.0005
NC_021508_1_1_mutated_146,1,0.0005
NC_021508_1_1_mutated_147,0,0.0005
NC_021508_1_1_mutated_148,0,0.0005
NC_021508_1_1_mutated_149,0,0.0005
NC_021508_1_1_mutated_150,0,0.0005
NC_021508_1_1_mutated_151,0,0.0005
NC_021508_1_1_mutated_152,0,0.0005
NC_021508_1_1_mutated_153,0,0.0005
NC_021508_1_1_mutated_154,0,0.0005
NC_021508_1_1_mutated_155,0,0.0005
NC_021508_1_1_mutated_156,1,0.0005
NC_021508_1_1_mutated_157,0,0.0005
NC_021508_1_1_mutated_158,1,0.0005
NC_021508_1_1_mutated_159,1,0.0005
NC_021508_1_1_mutated_160,0,0.0005
NC_021508_1_1_mutated_161,0,0.0005
NC_021508_1_1_mutated_162,0,0.0005
NC_021508_1_1_mutated_163,1,0.0005
NC_021508_1_1_mutated_164,1,0.0005
NC_021508_1_1_mutated_165,0,0.0005
NC_021508_1_1_mutated_166,0,0.0005
NC_021508_1_1_mutated_167,0,0.0005
NC_021508_1_1_mutated_168,0,0.0005
NC_021508_1_1_mutated_169,0,0.0005
NC_021508_1_1_mutated_170,0,0.0005
NC_021508_1_1_mutated_171,0,0.0005
NC_021508_1_1_mutated_172,0,0.0005
NC_021508_1_1_mutated_173,0,0.0005
NC_021508_1_1_mutated_174,0,0.0005
NC_021508_1_1_mutated_175,0,0.0005
NC_021508_1_1_mutated_176,0,0.0005
NC_021508_1_1_mutated_177,0,0.0005
NC_021508_1_1_mutated_178,0,0.0005
NC_021508_1_1_mutated_179,0,0.0005
NC_021508_1_1_mutated_180,0,0.0005
NC_021508_1_1_mutated_181,1,0.0005
NC_021508_1_1_mutated_182,0,0.0005
NC_021508_1_1_mutated_183,0,0.0005
NC_021508_1_1_mutated_184,0,0.0005
NC_021508_1_1_mutated_185,0,0.0005
NC_021508_1_1_mutated_186,1,0.0005
NC_021508_1_1_mutated_187,0,0.0005
NC_021508_1_1_mutated_188,0,0.0005
NC_021508_1_1_mutated_189,0,0.0005
NC_021508_1_1_mutated_190,0,0.0005
NC_021508_1_1_mutated_191,0,0.0005
NC_021508_1_1_mutated_192,0,0.0005
NC_021508_1_1_mutated_193,0,0.0005
NC_021508_1_1_mutated_194,0,0.0005
NC_021508_1_1_mutated_195,1,0.0005
NC_021508_1_1_mutated_196,0,0.0005
NC_021508_1_1_mutated_197,0,0.0005
NC_021508_1_1_mutated_198,0,0.0005
NC_021508_1_1_mutated_199,0,0.0005
NC_021508_1_1_mutated_200,0,0.0005
NC_021508_1_1_mutated_201,0,0.0005
NC_021508_1_1_mutated_202,0,0.0005
NC_021508_1_1_mutated_203,0,0.0005
NC_021508_1_1_mutated_204,0,0.0005
NC_021508_1_1_mutated_205,0,0.0005
NC_021508_1_1_mutated_206,0,0.0005
NC_021508_1_1_mutated_207,0,0.0005
NC_021508_1_1_mutated_208,0,0.0005
NC_021508_1_1_mutated_209,0,0.0005
NC_021508_1_1_mutated_210,0,0.0005
NC_021508_1_1_mutated_211,0,0.0005
NC_021508_1_1_mutated_212,0,0.0005
NC_021508_1_1_mutated_213,0,0.0005
NC_021508_1_1_mutated_214,0,0.0005
NC_021508_1_1_mutated_215,0,0.0005
NC_021508_1_1_mutated_216,0,0.0005
NC_021508_1_1_mutated_217,0,0.0005
NC_021508_1_1_mutated_218,0,0.0005
NC_021508_1_1_mutated_219,0,0.0005
NC_021508_1_1_mutated_220,0,0.0005
NC_021508_1_1_mutated_221,1,0.0005
NC_021508_1_1_mutated_222,0,0.0005
NC_021508_1_1_mutated_223,0,0.0005
NC_021508_1_1_mutated_224,0,0.0005
NC_021508_1_1_mutated_225,0,0.0005
NC_021508_1_1_mutated_226,0,0.0005
NC_021508_1_1_mutated_227,0,0.0005
NC_021508_1_1_mutated_228,0,0.0005
NC_021508_1_1_mutated_229,0,0.0005
NC_021508_1_1_mutated_230,0,0.0005
NC_021508_1_1_mutated_231,1,0.0005
NC_021508_1_1_mutated_232,0,0.0005
NC_021508_1_1_mutated_233,1,0.0005
NC_021508_1_1_mutated_234,0,0.0005
NC_021508_1_1_mutated_235,0,0.0005
NC_021508_1_1_mutated_236,1,0.0005
NC_021508_1_1_mutated_237,0,0.0005
NC_021508_1_1_mutated_238,1,0.0005
NC_021508_1_1_mutated_239,0,0.0005
NC_021508_1_1_mutated_240,0,0.0005
NC_021508_1_1_mutated_241,0,0.0005
NC_021508_1_1_mutated_242,0,0.0005
NC_021508_1_1_mutated_243,0,0.0005
NC_021508_1_1_mutated_244,0,0.0005
NC_021508_1_1_mutated_245,0,0.0005
NC_021508_1_1_mutated_246,0,0.0005
NC_021508_1_1_mutated_247,0,0.0005
NC_021508_1_1_mutated_248,0,0.0005
NC_021508_1_1_mutated_249,0,0.0005
NC_021508_1_1_mutated_250,0,0.0005
